split,mae,r2
train,0.022517997772610637,0.9628018182810368
val,0.025853988437163314,0.9342178804248159
test,0.025901616398977326,0.9331107500395414
